src_port,dest_port,http_method,http_status,http_resp_len,http_url_len,url_contains_script_tag,url_contains_onerror,url_contains_onload,url_contains_onclick,url_contains_onmouseover,url_contains_onfocus,url_contains_alert,url_contains_javascript,url_contains_eval,url_contains_document,url_contains_cookie,url_contains_iframe,url_contains_svg,url_contains_img,url_contains_object,url_contains_embed,http_method_GET,http_method_POST,http_method_PUT,http_method_DELETE,url_has_query_params,url_query_param_count,url_encoded_chars,url_suspicious_chars,response_2xx,response_3xx,response_4xx,response_5xx,is_malicious,attack_type,timestamp,original_url
33024,3000,GET,200,3748,1,0,0,0,0,0,0,0,0,0,0,0,0,0,0,0,0,1,0,0,0,0,0,0,0,1,0,0,0,0,benign,2025-07-29T16:06:21.478308+0000,/
33040,3000,GET,200,12460,13,0,0,0,0,0,0,0,0,0,0,0,0,0,0,0,0,1,0,0,0,0,0,0,0,1,0,0,0,0,benign,2025-07-29T16:06:24.524230+0000,/api/Products
33044,3000,GET,200,3748,10,0,0,0,0,0,0,0,0,0,0,0,0,0,0,0,0,1,0,0,0,1,1,0,0,1,0,0,0,0,benign,2025-07-29T16:06:27.536661+0000,/?q=banana
33058,3000,GET,200,80222,15,0,0,0,0,0,0,0,0,0,0,0,0,0,0,0,0,1,0,0,0,0,0,0,0,1,0,0,0,0,benign,2025-07-29T16:06:30.581085+0000,/api/Challenges
37612,3000,GET,200,3748,1,0,0,0,0,0,0,0,0,0,0,0,0,0,0,0,0,1,0,0,0,0,0,0,0,1,0,0,0,0,benign,2025-07-29T16:06:33.594133+0000,/
37616,3000,GET,200,12460,13,0,0,0,0,0,0,0,0,0,0,0,0,0,0,0,0,1,0,0,0,0,0,0,0,1,0,0,0,0,benign,2025-07-29T16:06:36.632103+0000,/api/Products
37620,3000,GET,200,3748,11,0,0,0,0,0,0,0,0,0,0,0,0,0,0,0,0,1,0,0,0,1,1,0,0,1,0,0,0,0,benign,2025-07-29T16:06:39.644897+0000,/?q=healthy
46466,3000,GET,500,3285,12,0,0,0,0,0,0,0,0,0,0,0,0,0,0,0,0,1,0,0,0,0,0,0,0,0,0,0,1,0,benign,2025-07-29T16:06:42.660374+0000,/api/Baskets
46474,3000,GET,200,3748,1,0,0,0,0,0,0,0,0,0,0,0,0,0,0,0,0,1,0,0,0,0,0,0,0,1,0,0,0,0,benign,2025-07-29T16:06:45.675389+0000,/
46476,3000,GET,200,12460,13,0,0,0,0,0,0,0,0,0,0,0,0,0,0,0,0,1,0,0,0,0,0,0,0,1,0,0,0,0,benign,2025-07-29T16:06:48.713957+0000,/api/Products
41682,3000,GET,200,3748,9,0,0,0,0,0,0,0,0,0,0,0,0,0,0,0,0,1,0,0,0,1,1,0,0,1,0,0,0,0,benign,2025-07-29T16:06:51.725502+0000,/?q=juice
41698,3000,GET,401,982,10,0,0,0,0,0,0,0,0,0,0,0,0,0,0,0,0,1,0,0,0,0,0,0,0,0,0,1,0,0,benign,2025-07-29T16:06:54.738148+0000,/api/Users
41700,3000,GET,200,3748,1,0,0,0,0,0,0,0,0,0,0,0,0,0,0,0,0,1,0,0,0,0,0,0,0,1,0,0,0,0,benign,2025-07-29T16:06:57.751932+0000,/
41710,3000,GET,200,12460,13,0,0,0,0,0,0,0,0,0,0,0,0,0,0,0,0,1,0,0,0,0,0,0,0,1,0,0,0,0,benign,2025-07-29T16:07:00.787981+0000,/api/Products
33470,3000,GET,200,3748,10,0,0,0,0,0,0,0,0,0,0,0,0,0,0,0,0,1,0,0,0,1,1,0,0,1,0,0,0,0,benign,2025-07-29T16:07:03.800767+0000,/?q=orange
33478,3000,GET,200,80222,15,0,0,0,0,0,0,0,0,0,0,0,0,0,0,0,0,1,0,0,0,0,0,0,0,1,0,0,0,0,benign,2025-07-29T16:07:06.851869+0000,/api/Challenges
33484,3000,GET,200,3748,1,0,0,0,0,0,0,0,0,0,0,0,0,0,0,0,0,1,0,0,0,0,0,0,0,1,0,0,0,0,benign,2025-07-29T16:07:09.865614+0000,/
54180,3000,GET,200,12460,13,0,0,0,0,0,0,0,0,0,0,0,0,0,0,0,0,1,0,0,0,0,0,0,0,1,0,0,0,0,benign,2025-07-29T16:07:12.899352+0000,/api/Products
54188,3000,GET,200,3748,11,0,0,0,0,0,0,0,0,0,0,0,0,0,0,0,0,1,0,0,0,1,1,0,0,1,0,0,0,0,benign,2025-07-29T16:07:15.913672+0000,/?q=healthy
54192,3000,GET,200,80222,15,0,0,0,0,0,0,0,0,0,0,0,0,0,0,0,0,1,0,0,0,0,0,0,0,1,0,0,0,0,benign,2025-07-29T16:07:18.956038+0000,/api/Challenges
41944,3000,GET,200,3748,1,0,0,0,0,0,0,0,0,0,0,0,0,0,0,0,0,1,0,0,0,0,0,0,0,1,0,0,0,0,benign,2025-07-29T16:07:21.969174+0000,/
41948,3000,GET,200,12460,13,0,0,0,0,0,0,0,0,0,0,0,0,0,0,0,0,1,0,0,0,0,0,0,0,1,0,0,0,0,benign,2025-07-29T16:07:25.009358+0000,/api/Products
41958,3000,GET,200,3748,11,0,0,0,0,0,0,0,0,0,0,0,0,0,0,0,0,1,0,0,0,1,1,0,0,1,0,0,0,0,benign,2025-07-29T16:07:28.022194+0000,/?q=healthy
33360,3000,GET,500,3285,12,0,0,0,0,0,0,0,0,0,0,0,0,0,0,0,0,1,0,0,0,0,0,0,0,0,0,0,1,0,benign,2025-07-29T16:07:31.036150+0000,/api/Baskets
33374,3000,GET,200,3748,1,0,0,0,0,0,0,0,0,0,0,0,0,0,0,0,0,1,0,0,0,0,0,0,0,1,0,0,0,0,benign,2025-07-29T16:07:34.049940+0000,/
33388,3000,GET,200,12460,13,0,0,0,0,0,0,0,0,0,0,0,0,0,0,0,0,1,0,0,0,0,0,0,0,1,0,0,0,0,benign,2025-07-29T16:07:37.086433+0000,/api/Products
33390,3000,GET,200,3748,10,0,0,0,0,0,0,0,0,0,0,0,0,0,0,0,0,1,0,0,0,1,1,0,0,1,0,0,0,0,benign,2025-07-29T16:07:40.100283+0000,/?q=orange
55120,3000,GET,200,80222,15,0,0,0,0,0,0,0,0,0,0,0,0,0,0,0,0,1,0,0,0,0,0,0,0,1,0,0,0,0,benign,2025-07-29T16:07:43.144058+0000,/api/Challenges
55128,3000,GET,200,3748,1,0,0,0,0,0,0,0,0,0,0,0,0,0,0,0,0,1,0,0,0,0,0,0,0,1,0,0,0,0,benign,2025-07-29T16:07:46.157691+0000,/
55130,3000,GET,200,12460,13,0,0,0,0,0,0,0,0,0,0,0,0,0,0,0,0,1,0,0,0,0,0,0,0,1,0,0,0,0,benign,2025-07-29T16:07:49.201430+0000,/api/Products
49558,3000,GET,200,3748,9,0,0,0,0,0,0,0,0,0,0,0,0,0,0,0,0,1,0,0,0,1,1,0,0,1,0,0,0,0,benign,2025-07-29T16:07:52.213767+0000,/?q=apple
49570,3000,GET,401,982,10,0,0,0,0,0,0,0,0,0,0,0,0,0,0,0,0,1,0,0,0,0,0,0,0,0,0,1,0,0,benign,2025-07-29T16:07:55.225519+0000,/api/Users
49586,3000,GET,200,3748,1,0,0,0,0,0,0,0,0,0,0,0,0,0,0,0,0,1,0,0,0,0,0,0,0,1,0,0,0,0,benign,2025-07-29T16:07:58.239667+0000,/
41588,3000,GET,200,12460,13,0,0,0,0,0,0,0,0,0,0,0,0,0,0,0,0,1,0,0,0,0,0,0,0,1,0,0,0,0,benign,2025-07-29T16:08:01.276120+0000,/api/Products
41590,3000,GET,200,3748,11,0,0,0,0,0,0,0,0,0,0,0,0,0,0,0,0,1,0,0,0,1,1,0,0,1,0,0,0,0,benign,2025-07-29T16:08:04.287997+0000,/?q=healthy
41596,3000,GET,401,982,10,0,0,0,0,0,0,0,0,0,0,0,0,0,0,0,0,1,0,0,0,0,0,0,0,0,0,1,0,0,benign,2025-07-29T16:08:07.301969+0000,/api/Users
41602,3000,GET,200,3748,1,0,0,0,0,0,0,0,0,0,0,0,0,0,0,0,0,1,0,0,0,0,0,0,0,1,0,0,0,0,benign,2025-07-29T16:08:10.318159+0000,/
53476,3000,GET,200,12460,13,0,0,0,0,0,0,0,0,0,0,0,0,0,0,0,0,1,0,0,0,0,0,0,0,1,0,0,0,0,benign,2025-07-29T16:08:13.354910+0000,/api/Products
53482,3000,GET,200,3748,11,0,0,0,0,0,0,0,0,0,0,0,0,0,0,0,0,1,0,0,0,1,1,0,0,1,0,0,0,0,benign,2025-07-29T16:08:16.367009+0000,/?q=healthy
53494,3000,GET,401,982,10,0,0,0,0,0,0,0,0,0,0,0,0,0,0,0,0,1,0,0,0,0,0,0,0,0,0,1,0,0,benign,2025-07-29T16:08:19.378272+0000,/api/Users
38332,3000,GET,200,3748,1,0,0,0,0,0,0,0,0,0,0,0,0,0,0,0,0,1,0,0,0,0,0,0,0,1,0,0,0,0,benign,2025-07-29T16:08:22.391228+0000,/
38342,3000,GET,200,12460,13,0,0,0,0,0,0,0,0,0,0,0,0,0,0,0,0,1,0,0,0,0,0,0,0,1,0,0,0,0,benign,2025-07-29T16:08:25.426882+0000,/api/Products
38356,3000,GET,200,3748,10,0,0,0,0,0,0,0,0,0,0,0,0,0,0,0,0,1,0,0,0,1,1,0,0,1,0,0,0,0,benign,2025-07-29T16:08:28.438573+0000,/?q=orange
52148,3000,GET,200,80222,15,0,0,0,0,0,0,0,0,0,0,0,0,0,0,0,0,1,0,0,0,0,0,0,0,1,0,0,0,0,benign,2025-07-29T16:08:31.479571+0000,/api/Challenges
52160,3000,GET,200,3748,1,0,0,0,0,0,0,0,0,0,0,0,0,0,0,0,0,1,0,0,0,0,0,0,0,1,0,0,0,0,benign,2025-07-29T16:08:34.496178+0000,/
52172,3000,GET,200,12460,13,0,0,0,0,0,0,0,0,0,0,0,0,0,0,0,0,1,0,0,0,0,0,0,0,1,0,0,0,0,benign,2025-07-29T16:08:37.531441+0000,/api/Products
52186,3000,GET,200,3748,11,0,0,0,0,0,0,0,0,0,0,0,0,0,0,0,0,1,0,0,0,1,1,0,0,1,0,0,0,0,benign,2025-07-29T16:08:40.543911+0000,/?q=healthy
39776,3000,GET,500,3285,12,0,0,0,0,0,0,0,0,0,0,0,0,0,0,0,0,1,0,0,0,0,0,0,0,0,0,0,1,0,benign,2025-07-29T16:08:43.558478+0000,/api/Baskets
39784,3000,GET,200,3748,1,0,0,0,0,0,0,0,0,0,0,0,0,0,0,0,0,1,0,0,0,0,0,0,0,1,0,0,0,0,benign,2025-07-29T16:08:46.571565+0000,/
39800,3000,GET,200,12460,13,0,0,0,0,0,0,0,0,0,0,0,0,0,0,0,0,1,0,0,0,0,0,0,0,1,0,0,0,0,benign,2025-07-29T16:08:49.608060+0000,/api/Products
33488,3000,GET,200,3748,11,0,0,0,0,0,0,0,0,0,0,0,0,0,0,0,0,1,0,0,0,1,1,0,0,1,0,0,0,0,benign,2025-07-29T16:08:52.619990+0000,/?q=healthy
33502,3000,GET,500,3285,12,0,0,0,0,0,0,0,0,0,0,0,0,0,0,0,0,1,0,0,0,0,0,0,0,0,0,0,1,0,benign,2025-07-29T16:08:55.634477+0000,/api/Baskets
33506,3000,GET,200,3748,1,0,0,0,0,0,0,0,0,0,0,0,0,0,0,0,0,1,0,0,0,0,0,0,0,1,0,0,0,0,benign,2025-07-29T16:08:58.647325+0000,/
59604,3000,GET,200,12460,13,0,0,0,0,0,0,0,0,0,0,0,0,0,0,0,0,1,0,0,0,0,0,0,0,1,0,0,0,0,benign,2025-07-29T16:09:01.680191+0000,/api/Products
59618,3000,GET,200,3748,10,0,0,0,0,0,0,0,0,0,0,0,0,0,0,0,0,1,0,0,0,1,1,0,0,1,0,0,0,0,benign,2025-07-29T16:09:04.693149+0000,/?q=orange
59632,3000,GET,500,3285,12,0,0,0,0,0,0,0,0,0,0,0,0,0,0,0,0,1,0,0,0,0,0,0,0,0,0,0,1,0,benign,2025-07-29T16:09:07.706781+0000,/api/Baskets
59646,3000,GET,200,3748,1,0,0,0,0,0,0,0,0,0,0,0,0,0,0,0,0,1,0,0,0,0,0,0,0,1,0,0,0,0,benign,2025-07-29T16:09:10.722113+0000,/
47068,3000,GET,200,12460,13,0,0,0,0,0,0,0,0,0,0,0,0,0,0,0,0,1,0,0,0,0,0,0,0,1,0,0,0,0,benign,2025-07-29T16:09:13.758724+0000,/api/Products
47082,3000,GET,200,3748,10,0,0,0,0,0,0,0,0,0,0,0,0,0,0,0,0,1,0,0,0,1,1,0,0,1,0,0,0,0,benign,2025-07-29T16:09:16.772894+0000,/?q=banana
47088,3000,GET,401,982,10,0,0,0,0,0,0,0,0,0,0,0,0,0,0,0,0,1,0,0,0,0,0,0,0,0,0,1,0,0,benign,2025-07-29T16:09:19.788355+0000,/api/Users
50146,3000,GET,200,3748,1,0,0,0,0,0,0,0,0,0,0,0,0,0,0,0,0,1,0,0,0,0,0,0,0,1,0,0,0,0,benign,2025-07-29T16:09:22.803061+0000,/
50152,3000,GET,200,12460,13,0,0,0,0,0,0,0,0,0,0,0,0,0,0,0,0,1,0,0,0,0,0,0,0,1,0,0,0,0,benign,2025-07-29T16:09:25.839254+0000,/api/Products
50158,3000,GET,200,3748,9,0,0,0,0,0,0,0,0,0,0,0,0,0,0,0,0,1,0,0,0,1,1,0,0,1,0,0,0,0,benign,2025-07-29T16:09:28.852335+0000,/?q=apple
48994,3000,GET,200,80222,15,0,0,0,0,0,0,0,0,0,0,0,0,0,0,0,0,1,0,0,0,0,0,0,0,1,0,0,0,0,benign,2025-07-29T16:09:31.921217+0000,/api/Challenges
49002,3000,GET,200,3748,1,0,0,0,0,0,0,0,0,0,0,0,0,0,0,0,0,1,0,0,0,0,0,0,0,1,0,0,0,0,benign,2025-07-29T16:09:34.943416+0000,/
49004,3000,GET,200,12460,13,0,0,0,0,0,0,0,0,0,0,0,0,0,0,0,0,1,0,0,0,0,0,0,0,1,0,0,0,0,benign,2025-07-29T16:09:37.978443+0000,/api/Products
48564,3000,GET,200,3748,9,0,0,0,0,0,0,0,0,0,0,0,0,0,0,0,0,1,0,0,0,1,1,0,0,1,0,0,0,0,benign,2025-07-29T16:09:40.990595+0000,/?q=apple
48574,3000,GET,401,982,10,0,0,0,0,0,0,0,0,0,0,0,0,0,0,0,0,1,0,0,0,0,0,0,0,0,0,1,0,0,benign,2025-07-29T16:09:44.003519+0000,/api/Users
48586,3000,GET,200,3748,1,0,0,0,0,0,0,0,0,0,0,0,0,0,0,0,0,1,0,0,0,0,0,0,0,1,0,0,0,0,benign,2025-07-29T16:09:47.016713+0000,/
48600,3000,GET,200,12460,13,0,0,0,0,0,0,0,0,0,0,0,0,0,0,0,0,1,0,0,0,0,0,0,0,1,0,0,0,0,benign,2025-07-29T16:09:50.054483+0000,/api/Products
36018,3000,GET,200,3748,11,0,0,0,0,0,0,0,0,0,0,0,0,0,0,0,0,1,0,0,0,1,1,0,0,1,0,0,0,0,benign,2025-07-29T16:09:53.066681+0000,/?q=healthy
36024,3000,GET,500,3285,12,0,0,0,0,0,0,0,0,0,0,0,0,0,0,0,0,1,0,0,0,0,0,0,0,0,0,0,1,0,benign,2025-07-29T16:09:56.080977+0000,/api/Baskets
36034,3000,GET,200,3748,1,0,0,0,0,0,0,0,0,0,0,0,0,0,0,0,0,1,0,0,0,0,0,0,0,1,0,0,0,0,benign,2025-07-29T16:09:59.095276+0000,/
41392,3000,GET,200,12460,13,0,0,0,0,0,0,0,0,0,0,0,0,0,0,0,0,1,0,0,0,0,0,0,0,1,0,0,0,0,benign,2025-07-29T16:10:02.135337+0000,/api/Products
41404,3000,GET,200,3748,9,0,0,0,0,0,0,0,0,0,0,0,0,0,0,0,0,1,0,0,0,1,1,0,0,1,0,0,0,0,benign,2025-07-29T16:10:05.147401+0000,/?q=apple
41414,3000,GET,200,80222,15,0,0,0,0,0,0,0,0,0,0,0,0,0,0,0,0,1,0,0,0,0,0,0,0,1,0,0,0,0,benign,2025-07-29T16:10:08.187280+0000,/api/Challenges
38544,3000,GET,200,3748,1,0,0,0,0,0,0,0,0,0,0,0,0,0,0,0,0,1,0,0,0,0,0,0,0,1,0,0,0,0,benign,2025-07-29T16:10:11.202061+0000,/
38548,3000,GET,200,12460,13,0,0,0,0,0,0,0,0,0,0,0,0,0,0,0,0,1,0,0,0,0,0,0,0,1,0,0,0,0,benign,2025-07-29T16:10:14.239583+0000,/api/Products
38554,3000,GET,200,3748,10,0,0,0,0,0,0,0,0,0,0,0,0,0,0,0,0,1,0,0,0,1,1,0,0,1,0,0,0,0,benign,2025-07-29T16:10:17.253970+0000,/?q=banana
38564,3000,GET,200,80222,15,0,0,0,0,0,0,0,0,0,0,0,0,0,0,0,0,1,0,0,0,0,0,0,0,1,0,0,0,0,benign,2025-07-29T16:10:20.300478+0000,/api/Challenges
53810,3000,GET,200,3748,1,0,0,0,0,0,0,0,0,0,0,0,0,0,0,0,0,1,0,0,0,0,0,0,0,1,0,0,0,0,benign,2025-07-29T16:10:23.316663+0000,/
53814,3000,GET,200,12460,13,0,0,0,0,0,0,0,0,0,0,0,0,0,0,0,0,1,0,0,0,0,0,0,0,1,0,0,0,0,benign,2025-07-29T16:10:26.354072+0000,/api/Products
53816,3000,GET,200,3748,9,0,0,0,0,0,0,0,0,0,0,0,0,0,0,0,0,1,0,0,0,1,1,0,0,1,0,0,0,0,benign,2025-07-29T16:10:29.366641+0000,/?q=juice
52534,3000,GET,500,3285,12,0,0,0,0,0,0,0,0,0,0,0,0,0,0,0,0,1,0,0,0,0,0,0,0,0,0,0,1,0,benign,2025-07-29T16:10:32.381562+0000,/api/Baskets
52538,3000,GET,200,3748,1,0,0,0,0,0,0,0,0,0,0,0,0,0,0,0,0,1,0,0,0,0,0,0,0,1,0,0,0,0,benign,2025-07-29T16:10:35.395911+0000,/
52554,3000,GET,200,12460,13,0,0,0,0,0,0,0,0,0,0,0,0,0,0,0,0,1,0,0,0,0,0,0,0,1,0,0,0,0,benign,2025-07-29T16:10:38.433925+0000,/api/Products
52050,3000,GET,200,3748,11,0,0,0,0,0,0,0,0,0,0,0,0,0,0,0,0,1,0,0,0,1,1,0,0,1,0,0,0,0,benign,2025-07-29T16:10:41.446668+0000,/?q=healthy
52062,3000,GET,200,80222,15,0,0,0,0,0,0,0,0,0,0,0,0,0,0,0,0,1,0,0,0,0,0,0,0,1,0,0,0,0,benign,2025-07-29T16:10:44.495993+0000,/api/Challenges
52076,3000,GET,200,3748,1,0,0,0,0,0,0,0,0,0,0,0,0,0,0,0,0,1,0,0,0,0,0,0,0,1,0,0,0,0,benign,2025-07-29T16:10:47.513978+0000,/
52080,3000,GET,200,12460,13,0,0,0,0,0,0,0,0,0,0,0,0,0,0,0,0,1,0,0,0,0,0,0,0,1,0,0,0,0,benign,2025-07-29T16:10:50.556971+0000,/api/Products
51308,3000,GET,200,3748,10,0,0,0,0,0,0,0,0,0,0,0,0,0,0,0,0,1,0,0,0,1,1,0,0,1,0,0,0,0,benign,2025-07-29T16:10:53.570376+0000,/?q=orange
51310,3000,GET,500,3285,12,0,0,0,0,0,0,0,0,0,0,0,0,0,0,0,0,1,0,0,0,0,0,0,0,0,0,0,1,0,benign,2025-07-29T16:10:56.585453+0000,/api/Baskets
51320,3000,GET,200,3748,1,0,0,0,0,0,0,0,0,0,0,0,0,0,0,0,0,1,0,0,0,0,0,0,0,1,0,0,0,0,benign,2025-07-29T16:10:59.600687+0000,/
49344,3000,GET,200,12460,13,0,0,0,0,0,0,0,0,0,0,0,0,0,0,0,0,1,0,0,0,0,0,0,0,1,0,0,0,0,benign,2025-07-29T16:11:02.643794+0000,/api/Products
49352,3000,GET,200,3748,10,0,0,0,0,0,0,0,0,0,0,0,0,0,0,0,0,1,0,0,0,1,1,0,0,1,0,0,0,0,benign,2025-07-29T16:11:05.658105+0000,/?q=banana
49354,3000,GET,200,80222,15,0,0,0,0,0,0,0,0,0,0,0,0,0,0,0,0,1,0,0,0,0,0,0,0,1,0,0,0,0,benign,2025-07-29T16:11:08.702802+0000,/api/Challenges
45966,3000,GET,200,3748,1,0,0,0,0,0,0,0,0,0,0,0,0,0,0,0,0,1,0,0,0,0,0,0,0,1,0,0,0,0,benign,2025-07-29T16:11:11.717528+0000,/
45968,3000,GET,200,12460,13,0,0,0,0,0,0,0,0,0,0,0,0,0,0,0,0,1,0,0,0,0,0,0,0,1,0,0,0,0,benign,2025-07-29T16:11:14.760459+0000,/api/Products
45982,3000,GET,200,3748,10,0,0,0,0,0,0,0,0,0,0,0,0,0,0,0,0,1,0,0,0,1,1,0,0,1,0,0,0,0,benign,2025-07-29T16:11:17.774372+0000,/?q=orange
45996,3000,GET,200,80222,15,0,0,0,0,0,0,0,0,0,0,0,0,0,0,0,0,1,0,0,0,0,0,0,0,1,0,0,0,0,benign,2025-07-29T16:11:20.830467+0000,/api/Challenges
44870,3000,GET,200,3748,1,0,0,0,0,0,0,0,0,0,0,0,0,0,0,0,0,1,0,0,0,0,0,0,0,1,0,0,0,0,benign,2025-07-29T16:11:23.849782+0000,/
44876,3000,GET,200,12460,13,0,0,0,0,0,0,0,0,0,0,0,0,0,0,0,0,1,0,0,0,0,0,0,0,1,0,0,0,0,benign,2025-07-29T16:11:26.887016+0000,/api/Products
44878,3000,GET,200,3748,11,0,0,0,0,0,0,0,0,0,0,0,0,0,0,0,0,1,0,0,0,1,1,0,0,1,0,0,0,0,benign,2025-07-29T16:11:29.906786+0000,/?q=healthy
46216,3000,GET,401,982,10,0,0,0,0,0,0,0,0,0,0,0,0,0,0,0,0,1,0,0,0,0,0,0,0,0,0,1,0,0,benign,2025-07-29T16:11:32.924471+0000,/api/Users
46220,3000,GET,200,3748,1,0,0,0,0,0,0,0,0,0,0,0,0,0,0,0,0,1,0,0,0,0,0,0,0,1,0,0,0,0,benign,2025-07-29T16:11:35.937948+0000,/
46232,3000,GET,200,12460,13,0,0,0,0,0,0,0,0,0,0,0,0,0,0,0,0,1,0,0,0,0,0,0,0,1,0,0,0,0,benign,2025-07-29T16:11:38.976188+0000,/api/Products
33866,3000,GET,200,3748,9,0,0,0,0,0,0,0,0,0,0,0,0,0,0,0,0,1,0,0,0,1,1,0,0,1,0,0,0,0,benign,2025-07-29T16:11:41.989919+0000,/?q=juice
33882,3000,GET,500,3285,12,0,0,0,0,0,0,0,0,0,0,0,0,0,0,0,0,1,0,0,0,0,0,0,0,0,0,0,1,0,benign,2025-07-29T16:11:45.002921+0000,/api/Baskets
33898,3000,GET,200,3748,1,0,0,0,0,0,0,0,0,0,0,0,0,0,0,0,0,1,0,0,0,0,0,0,0,1,0,0,0,0,benign,2025-07-29T16:11:48.017572+0000,/
59408,3000,GET,200,12460,13,0,0,0,0,0,0,0,0,0,0,0,0,0,0,0,0,1,0,0,0,0,0,0,0,1,0,0,0,0,benign,2025-07-29T16:11:51.057324+0000,/api/Products
59414,3000,GET,200,3748,10,0,0,0,0,0,0,0,0,0,0,0,0,0,0,0,0,1,0,0,0,1,1,0,0,1,0,0,0,0,benign,2025-07-29T16:11:54.071856+0000,/?q=banana
59420,3000,GET,500,3285,12,0,0,0,0,0,0,0,0,0,0,0,0,0,0,0,0,1,0,0,0,0,0,0,0,0,0,0,1,0,benign,2025-07-29T16:11:57.087802+0000,/api/Baskets
59434,3000,GET,200,3748,1,0,0,0,0,0,0,0,0,0,0,0,0,0,0,0,0,1,0,0,0,0,0,0,0,1,0,0,0,0,benign,2025-07-29T16:12:00.102830+0000,/
44642,3000,GET,200,12460,13,0,0,0,0,0,0,0,0,0,0,0,0,0,0,0,0,1,0,0,0,0,0,0,0,1,0,0,0,0,benign,2025-07-29T16:12:03.141774+0000,/api/Products
44652,3000,GET,200,3748,11,0,0,0,0,0,0,0,0,0,0,0,0,0,0,0,0,1,0,0,0,1,1,0,0,1,0,0,0,0,benign,2025-07-29T16:12:06.155236+0000,/?q=healthy
44656,3000,GET,500,3285,12,0,0,0,0,0,0,0,0,0,0,0,0,0,0,0,0,1,0,0,0,0,0,0,0,0,0,0,1,0,benign,2025-07-29T16:12:09.171173+0000,/api/Baskets
37906,3000,GET,200,3748,1,0,0,0,0,0,0,0,0,0,0,0,0,0,0,0,0,1,0,0,0,0,0,0,0,1,0,0,0,0,benign,2025-07-29T16:12:12.186939+0000,/
37912,3000,GET,200,12460,13,0,0,0,0,0,0,0,0,0,0,0,0,0,0,0,0,1,0,0,0,0,0,0,0,1,0,0,0,0,benign,2025-07-29T16:12:15.225369+0000,/api/Products
37928,3000,GET,200,3748,10,0,0,0,0,0,0,0,0,0,0,0,0,0,0,0,0,1,0,0,0,1,1,0,0,1,0,0,0,0,benign,2025-07-29T16:12:18.238248+0000,/?q=orange
56622,3000,GET,200,80222,15,0,0,0,0,0,0,0,0,0,0,0,0,0,0,0,0,1,0,0,0,0,0,0,0,1,0,0,0,0,benign,2025-07-29T16:12:21.284351+0000,/api/Challenges
56630,3000,GET,200,3748,1,0,0,0,0,0,0,0,0,0,0,0,0,0,0,0,0,1,0,0,0,0,0,0,0,1,0,0,0,0,benign,2025-07-29T16:12:24.297969+0000,/
56636,3000,GET,200,12460,13,0,0,0,0,0,0,0,0,0,0,0,0,0,0,0,0,1,0,0,0,0,0,0,0,1,0,0,0,0,benign,2025-07-29T16:12:27.338113+0000,/api/Products
56638,3000,GET,200,3748,9,0,0,0,0,0,0,0,0,0,0,0,0,0,0,0,0,1,0,0,0,1,1,0,0,1,0,0,0,0,benign,2025-07-29T16:12:30.351453+0000,/?q=apple
55902,3000,GET,200,80222,15,0,0,0,0,0,0,0,0,0,0,0,0,0,0,0,0,1,0,0,0,0,0,0,0,1,0,0,0,0,benign,2025-07-29T16:12:33.392414+0000,/api/Challenges
55908,3000,GET,200,3748,1,0,0,0,0,0,0,0,0,0,0,0,0,0,0,0,0,1,0,0,0,0,0,0,0,1,0,0,0,0,benign,2025-07-29T16:12:36.406166+0000,/
55910,3000,GET,200,12460,13,0,0,0,0,0,0,0,0,0,0,0,0,0,0,0,0,1,0,0,0,0,0,0,0,1,0,0,0,0,benign,2025-07-29T16:12:39.441832+0000,/api/Products
53536,3000,GET,200,3748,11,0,0,0,0,0,0,0,0,0,0,0,0,0,0,0,0,1,0,0,0,1,1,0,0,1,0,0,0,0,benign,2025-07-29T16:12:42.455244+0000,/?q=healthy
53550,3000,GET,500,3285,12,0,0,0,0,0,0,0,0,0,0,0,0,0,0,0,0,1,0,0,0,0,0,0,0,0,0,0,1,0,benign,2025-07-29T16:12:45.470528+0000,/api/Baskets
53556,3000,GET,200,3748,1,0,0,0,0,0,0,0,0,0,0,0,0,0,0,0,0,1,0,0,0,0,0,0,0,1,0,0,0,0,benign,2025-07-29T16:12:48.484965+0000,/
51776,3000,GET,200,12460,13,0,0,0,0,0,0,0,0,0,0,0,0,0,0,0,0,1,0,0,0,0,0,0,0,1,0,0,0,0,benign,2025-07-29T16:12:51.520567+0000,/api/Products
51786,3000,GET,200,3748,11,0,0,0,0,0,0,0,0,0,0,0,0,0,0,0,0,1,0,0,0,1,1,0,0,1,0,0,0,0,benign,2025-07-29T16:12:54.533968+0000,/?q=healthy
51794,3000,GET,500,3285,12,0,0,0,0,0,0,0,0,0,0,0,0,0,0,0,0,1,0,0,0,0,0,0,0,0,0,0,1,0,benign,2025-07-29T16:12:57.549793+0000,/api/Baskets
51802,3000,GET,200,3748,1,0,0,0,0,0,0,0,0,0,0,0,0,0,0,0,0,1,0,0,0,0,0,0,0,1,0,0,0,0,benign,2025-07-29T16:13:00.563981+0000,/
47314,3000,GET,200,12460,13,0,0,0,0,0,0,0,0,0,0,0,0,0,0,0,0,1,0,0,0,0,0,0,0,1,0,0,0,0,benign,2025-07-29T16:13:03.603861+0000,/api/Products
47328,3000,GET,200,3748,10,0,0,0,0,0,0,0,0,0,0,0,0,0,0,0,0,1,0,0,0,1,1,0,0,1,0,0,0,0,benign,2025-07-29T16:13:06.616604+0000,/?q=banana
47342,3000,GET,200,80222,15,0,0,0,0,0,0,0,0,0,0,0,0,0,0,0,0,1,0,0,0,0,0,0,0,1,0,0,0,0,benign,2025-07-29T16:13:09.657052+0000,/api/Challenges
42566,3000,GET,200,3748,1,0,0,0,0,0,0,0,0,0,0,0,0,0,0,0,0,1,0,0,0,0,0,0,0,1,0,0,0,0,benign,2025-07-29T16:13:12.674304+0000,/
42574,3000,GET,200,12460,13,0,0,0,0,0,0,0,0,0,0,0,0,0,0,0,0,1,0,0,0,0,0,0,0,1,0,0,0,0,benign,2025-07-29T16:13:15.714469+0000,/api/Products
42582,3000,GET,200,3748,11,0,0,0,0,0,0,0,0,0,0,0,0,0,0,0,0,1,0,0,0,1,1,0,0,1,0,0,0,0,benign,2025-07-29T16:13:18.727502+0000,/?q=healthy
39998,3000,GET,200,80222,15,0,0,0,0,0,0,0,0,0,0,0,0,0,0,0,0,1,0,0,0,0,0,0,0,1,0,0,0,0,benign,2025-07-29T16:13:21.768762+0000,/api/Challenges
40006,3000,GET,200,3748,1,0,0,0,0,0,0,0,0,0,0,0,0,0,0,0,0,1,0,0,0,0,0,0,0,1,0,0,0,0,benign,2025-07-29T16:13:24.782337+0000,/
40010,3000,GET,200,12460,13,0,0,0,0,0,0,0,0,0,0,0,0,0,0,0,0,1,0,0,0,0,0,0,0,1,0,0,0,0,benign,2025-07-29T16:13:27.820815+0000,/api/Products
40026,3000,GET,200,3748,9,0,0,0,0,0,0,0,0,0,0,0,0,0,0,0,0,1,0,0,0,1,1,0,0,1,0,0,0,0,benign,2025-07-29T16:13:30.837115+0000,/?q=juice
46338,3000,GET,500,3285,12,0,0,0,0,0,0,0,0,0,0,0,0,0,0,0,0,1,0,0,0,0,0,0,0,0,0,0,1,0,benign,2025-07-29T16:13:33.852818+0000,/api/Baskets
46346,3000,GET,200,3748,1,0,0,0,0,0,0,0,0,0,0,0,0,0,0,0,0,1,0,0,0,0,0,0,0,1,0,0,0,0,benign,2025-07-29T16:13:36.867496+0000,/
46354,3000,GET,200,12460,13,0,0,0,0,0,0,0,0,0,0,0,0,0,0,0,0,1,0,0,0,0,0,0,0,1,0,0,0,0,benign,2025-07-29T16:13:39.912831+0000,/api/Products
58390,3000,GET,200,3748,9,0,0,0,0,0,0,0,0,0,0,0,0,0,0,0,0,1,0,0,0,1,1,0,0,1,0,0,0,0,benign,2025-07-29T16:13:42.926906+0000,/?q=juice
58398,3000,GET,200,80222,15,0,0,0,0,0,0,0,0,0,0,0,0,0,0,0,0,1,0,0,0,0,0,0,0,1,0,0,0,0,benign,2025-07-29T16:13:45.970256+0000,/api/Challenges
58406,3000,GET,200,3748,1,0,0,0,0,0,0,0,0,0,0,0,0,0,0,0,0,1,0,0,0,0,0,0,0,1,0,0,0,0,benign,2025-07-29T16:13:48.985719+0000,/
37874,3000,GET,200,12460,13,0,0,0,0,0,0,0,0,0,0,0,0,0,0,0,0,1,0,0,0,0,0,0,0,1,0,0,0,0,benign,2025-07-29T16:13:52.023757+0000,/api/Products
37890,3000,GET,200,3748,11,0,0,0,0,0,0,0,0,0,0,0,0,0,0,0,0,1,0,0,0,1,1,0,0,1,0,0,0,0,benign,2025-07-29T16:13:55.035763+0000,/?q=healthy
37898,3000,GET,401,982,10,0,0,0,0,0,0,0,0,0,0,0,0,0,0,0,0,1,0,0,0,0,0,0,0,0,0,1,0,0,benign,2025-07-29T16:13:58.047772+0000,/api/Users
46858,3000,GET,200,3748,1,0,0,0,0,0,0,0,0,0,0,0,0,0,0,0,0,1,0,0,0,0,0,0,0,1,0,0,0,0,benign,2025-07-29T16:14:01.061415+0000,/
46864,3000,GET,200,12460,13,0,0,0,0,0,0,0,0,0,0,0,0,0,0,0,0,1,0,0,0,0,0,0,0,1,0,0,0,0,benign,2025-07-29T16:14:04.100548+0000,/api/Products
46874,3000,GET,200,3748,9,0,0,0,0,0,0,0,0,0,0,0,0,0,0,0,0,1,0,0,0,1,1,0,0,1,0,0,0,0,benign,2025-07-29T16:14:07.113930+0000,/?q=apple
46890,3000,GET,200,80222,15,0,0,0,0,0,0,0,0,0,0,0,0,0,0,0,0,1,0,0,0,0,0,0,0,1,0,0,0,0,benign,2025-07-29T16:14:10.150861+0000,/api/Challenges
53556,3000,GET,200,3748,1,0,0,0,0,0,0,0,0,0,0,0,0,0,0,0,0,1,0,0,0,0,0,0,0,1,0,0,0,0,benign,2025-07-29T16:14:13.164565+0000,/
53570,3000,GET,200,12460,13,0,0,0,0,0,0,0,0,0,0,0,0,0,0,0,0,1,0,0,0,0,0,0,0,1,0,0,0,0,benign,2025-07-29T16:14:16.198657+0000,/api/Products
53578,3000,GET,200,3748,11,0,0,0,0,0,0,0,0,0,0,0,0,0,0,0,0,1,0,0,0,1,1,0,0,1,0,0,0,0,benign,2025-07-29T16:14:19.212208+0000,/?q=healthy
50862,3000,GET,500,3285,12,0,0,0,0,0,0,0,0,0,0,0,0,0,0,0,0,1,0,0,0,0,0,0,0,0,0,0,1,0,benign,2025-07-29T16:14:22.225895+0000,/api/Baskets
50866,3000,GET,200,3748,1,0,0,0,0,0,0,0,0,0,0,0,0,0,0,0,0,1,0,0,0,0,0,0,0,1,0,0,0,0,benign,2025-07-29T16:14:25.239154+0000,/
50878,3000,GET,200,12460,13,0,0,0,0,0,0,0,0,0,0,0,0,0,0,0,0,1,0,0,0,0,0,0,0,1,0,0,0,0,benign,2025-07-29T16:14:28.274718+0000,/api/Products
34710,3000,GET,200,3748,9,0,0,0,0,0,0,0,0,0,0,0,0,0,0,0,0,1,0,0,0,1,1,0,0,1,0,0,0,0,benign,2025-07-29T16:14:31.286376+0000,/?q=apple
34722,3000,GET,200,80222,15,0,0,0,0,0,0,0,0,0,0,0,0,0,0,0,0,1,0,0,0,0,0,0,0,1,0,0,0,0,benign,2025-07-29T16:14:34.323706+0000,/api/Challenges
34726,3000,GET,200,3748,1,0,0,0,0,0,0,0,0,0,0,0,0,0,0,0,0,1,0,0,0,0,0,0,0,1,0,0,0,0,benign,2025-07-29T16:14:37.336081+0000,/
34736,3000,GET,200,12460,13,0,0,0,0,0,0,0,0,0,0,0,0,0,0,0,0,1,0,0,0,0,0,0,0,1,0,0,0,0,benign,2025-07-29T16:14:40.368802+0000,/api/Products
48936,3000,GET,200,3748,9,0,0,0,0,0,0,0,0,0,0,0,0,0,0,0,0,1,0,0,0,1,1,0,0,1,0,0,0,0,benign,2025-07-29T16:14:43.381379+0000,/?q=apple
48948,3000,GET,200,80222,15,0,0,0,0,0,0,0,0,0,0,0,0,0,0,0,0,1,0,0,0,0,0,0,0,1,0,0,0,0,benign,2025-07-29T16:14:46.422979+0000,/api/Challenges
48952,3000,GET,200,3748,1,0,0,0,0,0,0,0,0,0,0,0,0,0,0,0,0,1,0,0,0,0,0,0,0,1,0,0,0,0,benign,2025-07-29T16:14:49.437064+0000,/
38270,3000,GET,200,12460,13,0,0,0,0,0,0,0,0,0,0,0,0,0,0,0,0,1,0,0,0,0,0,0,0,1,0,0,0,0,benign,2025-07-29T16:14:52.471335+0000,/api/Products
38276,3000,GET,200,3748,11,0,0,0,0,0,0,0,0,0,0,0,0,0,0,0,0,1,0,0,0,1,1,0,0,1,0,0,0,0,benign,2025-07-29T16:14:55.482736+0000,/?q=healthy
38282,3000,GET,200,80222,15,0,0,0,0,0,0,0,0,0,0,0,0,0,0,0,0,1,0,0,0,0,0,0,0,1,0,0,0,0,benign,2025-07-29T16:14:58.522654+0000,/api/Challenges
36720,3000,GET,200,3748,1,0,0,0,0,0,0,0,0,0,0,0,0,0,0,0,0,1,0,0,0,0,0,0,0,1,0,0,0,0,benign,2025-07-29T16:15:01.537329+0000,/
36730,3000,GET,200,12460,13,0,0,0,0,0,0,0,0,0,0,0,0,0,0,0,0,1,0,0,0,0,0,0,0,1,0,0,0,0,benign,2025-07-29T16:15:04.576943+0000,/api/Products
36746,3000,GET,200,3748,9,0,0,0,0,0,0,0,0,0,0,0,0,0,0,0,0,1,0,0,0,1,1,0,0,1,0,0,0,0,benign,2025-07-29T16:15:07.589683+0000,/?q=juice
36754,3000,GET,500,3285,12,0,0,0,0,0,0,0,0,0,0,0,0,0,0,0,0,1,0,0,0,0,0,0,0,0,0,0,1,0,benign,2025-07-29T16:15:10.604216+0000,/api/Baskets
50430,3000,GET,200,3748,1,0,0,0,0,0,0,0,0,0,0,0,0,0,0,0,0,1,0,0,0,0,0,0,0,1,0,0,0,0,benign,2025-07-29T16:15:13.616937+0000,/
50440,3000,GET,200,12460,13,0,0,0,0,0,0,0,0,0,0,0,0,0,0,0,0,1,0,0,0,0,0,0,0,1,0,0,0,0,benign,2025-07-29T16:15:16.649693+0000,/api/Products
50444,3000,GET,200,3748,10,0,0,0,0,0,0,0,0,0,0,0,0,0,0,0,0,1,0,0,0,1,1,0,0,1,0,0,0,0,benign,2025-07-29T16:15:19.661848+0000,/?q=orange
40364,3000,GET,500,3285,12,0,0,0,0,0,0,0,0,0,0,0,0,0,0,0,0,1,0,0,0,0,0,0,0,0,0,0,1,0,benign,2025-07-29T16:15:22.675090+0000,/api/Baskets
40380,3000,GET,200,3748,1,0,0,0,0,0,0,0,0,0,0,0,0,0,0,0,0,1,0,0,0,0,0,0,0,1,0,0,0,0,benign,2025-07-29T16:15:25.688713+0000,/
40394,3000,GET,200,12460,13,0,0,0,0,0,0,0,0,0,0,0,0,0,0,0,0,1,0,0,0,0,0,0,0,1,0,0,0,0,benign,2025-07-29T16:15:28.723516+0000,/api/Products
47724,3000,GET,200,3748,9,0,0,0,0,0,0,0,0,0,0,0,0,0,0,0,0,1,0,0,0,1,1,0,0,1,0,0,0,0,benign,2025-07-29T16:15:31.735572+0000,/?q=juice
47728,3000,GET,401,982,10,0,0,0,0,0,0,0,0,0,0,0,0,0,0,0,0,1,0,0,0,0,0,0,0,0,0,1,0,0,benign,2025-07-29T16:15:34.747937+0000,/api/Users
47730,3000,GET,200,3748,1,0,0,0,0,0,0,0,0,0,0,0,0,0,0,0,0,1,0,0,0,0,0,0,0,1,0,0,0,0,benign,2025-07-29T16:15:37.761414+0000,/
47738,3000,GET,200,12460,13,0,0,0,0,0,0,0,0,0,0,0,0,0,0,0,0,1,0,0,0,0,0,0,0,1,0,0,0,0,benign,2025-07-29T16:15:40.797359+0000,/api/Products
58214,3000,GET,200,3748,9,0,0,0,0,0,0,0,0,0,0,0,0,0,0,0,0,1,0,0,0,1,1,0,0,1,0,0,0,0,benign,2025-07-29T16:15:43.809513+0000,/?q=juice
58224,3000,GET,401,982,10,0,0,0,0,0,0,0,0,0,0,0,0,0,0,0,0,1,0,0,0,0,0,0,0,0,0,1,0,0,benign,2025-07-29T16:15:46.821130+0000,/api/Users
58234,3000,GET,200,3748,1,0,0,0,0,0,0,0,0,0,0,0,0,0,0,0,0,1,0,0,0,0,0,0,0,1,0,0,0,0,benign,2025-07-29T16:15:49.833558+0000,/
45772,3000,GET,200,12460,13,0,0,0,0,0,0,0,0,0,0,0,0,0,0,0,0,1,0,0,0,0,0,0,0,1,0,0,0,0,benign,2025-07-29T16:15:52.874067+0000,/api/Products
45776,3000,GET,200,3748,11,0,0,0,0,0,0,0,0,0,0,0,0,0,0,0,0,1,0,0,0,1,1,0,0,1,0,0,0,0,benign,2025-07-29T16:15:55.885806+0000,/?q=healthy
45778,3000,GET,200,80222,15,0,0,0,0,0,0,0,0,0,0,0,0,0,0,0,0,1,0,0,0,0,0,0,0,1,0,0,0,0,benign,2025-07-29T16:15:58.925465+0000,/api/Challenges
56538,3000,GET,200,3748,1,0,0,0,0,0,0,0,0,0,0,0,0,0,0,0,0,1,0,0,0,0,0,0,0,1,0,0,0,0,benign,2025-07-29T16:16:01.939228+0000,/
56552,3000,GET,200,12460,13,0,0,0,0,0,0,0,0,0,0,0,0,0,0,0,0,1,0,0,0,0,0,0,0,1,0,0,0,0,benign,2025-07-29T16:16:04.973709+0000,/api/Products
56554,3000,GET,200,3748,9,0,0,0,0,0,0,0,0,0,0,0,0,0,0,0,0,1,0,0,0,1,1,0,0,1,0,0,0,0,benign,2025-07-29T16:16:07.984939+0000,/?q=juice
47678,3000,GET,200,80222,15,0,0,0,0,0,0,0,0,0,0,0,0,0,0,0,0,1,0,0,0,0,0,0,0,1,0,0,0,0,benign,2025-07-29T16:16:11.026926+0000,/api/Challenges
47694,3000,GET,200,3748,1,0,0,0,0,0,0,0,0,0,0,0,0,0,0,0,0,1,0,0,0,0,0,0,0,1,0,0,0,0,benign,2025-07-29T16:16:14.041087+0000,/
47704,3000,GET,200,12460,13,0,0,0,0,0,0,0,0,0,0,0,0,0,0,0,0,1,0,0,0,0,0,0,0,1,0,0,0,0,benign,2025-07-29T16:16:17.073563+0000,/api/Products
47720,3000,GET,200,3748,10,0,0,0,0,0,0,0,0,0,0,0,0,0,0,0,0,1,0,0,0,1,1,0,0,1,0,0,0,0,benign,2025-07-29T16:16:20.085525+0000,/?q=banana
47540,3000,GET,500,3285,12,0,0,0,0,0,0,0,0,0,0,0,0,0,0,0,0,1,0,0,0,0,0,0,0,0,0,0,1,0,benign,2025-07-29T16:16:23.099323+0000,/api/Baskets
47554,3000,GET,200,3748,1,0,0,0,0,0,0,0,0,0,0,0,0,0,0,0,0,1,0,0,0,0,0,0,0,1,0,0,0,0,benign,2025-07-29T16:16:26.114038+0000,/
47564,3000,GET,200,12460,13,0,0,0,0,0,0,0,0,0,0,0,0,0,0,0,0,1,0,0,0,0,0,0,0,1,0,0,0,0,benign,2025-07-29T16:16:29.150462+0000,/api/Products
37588,3000,GET,200,3748,11,0,0,0,0,0,0,0,0,0,0,0,0,0,0,0,0,1,0,0,0,1,1,0,0,1,0,0,0,0,benign,2025-07-29T16:16:32.162371+0000,/?q=healthy
37592,3000,GET,500,3285,12,0,0,0,0,0,0,0,0,0,0,0,0,0,0,0,0,1,0,0,0,0,0,0,0,0,0,0,1,0,benign,2025-07-29T16:16:35.177410+0000,/api/Baskets
37598,3000,GET,200,3748,1,0,0,0,0,0,0,0,0,0,0,0,0,0,0,0,0,1,0,0,0,0,0,0,0,1,0,0,0,0,benign,2025-07-29T16:16:38.196235+0000,/
58326,3000,GET,200,12460,13,0,0,0,0,0,0,0,0,0,0,0,0,0,0,0,0,1,0,0,0,0,0,0,0,1,0,0,0,0,benign,2025-07-29T16:16:41.230617+0000,/api/Products
58336,3000,GET,200,3748,11,0,0,0,0,0,0,0,0,0,0,0,0,0,0,0,0,1,0,0,0,1,1,0,0,1,0,0,0,0,benign,2025-07-29T16:16:44.243920+0000,/?q=healthy
58352,3000,GET,500,3285,12,0,0,0,0,0,0,0,0,0,0,0,0,0,0,0,0,1,0,0,0,0,0,0,0,0,0,0,1,0,benign,2025-07-29T16:16:47.258532+0000,/api/Baskets
58360,3000,GET,200,3748,1,0,0,0,0,0,0,0,0,0,0,0,0,0,0,0,0,1,0,0,0,0,0,0,0,1,0,0,0,0,benign,2025-07-29T16:16:50.272230+0000,/
47504,3000,GET,200,12460,13,0,0,0,0,0,0,0,0,0,0,0,0,0,0,0,0,1,0,0,0,0,0,0,0,1,0,0,0,0,benign,2025-07-29T16:16:53.306001+0000,/api/Products
47512,3000,GET,200,3748,9,0,0,0,0,0,0,0,0,0,0,0,0,0,0,0,0,1,0,0,0,1,1,0,0,1,0,0,0,0,benign,2025-07-29T16:16:56.317981+0000,/?q=apple
47516,3000,GET,500,3285,12,0,0,0,0,0,0,0,0,0,0,0,0,0,0,0,0,1,0,0,0,0,0,0,0,0,0,0,1,0,benign,2025-07-29T16:16:59.332966+0000,/api/Baskets
46756,3000,GET,200,3748,1,0,0,0,0,0,0,0,0,0,0,0,0,0,0,0,0,1,0,0,0,0,0,0,0,1,0,0,0,0,benign,2025-07-29T16:17:02.346621+0000,/
46760,3000,GET,200,12460,13,0,0,0,0,0,0,0,0,0,0,0,0,0,0,0,0,1,0,0,0,0,0,0,0,1,0,0,0,0,benign,2025-07-29T16:17:05.380490+0000,/api/Products
46764,3000,GET,200,3748,10,0,0,0,0,0,0,0,0,0,0,0,0,0,0,0,0,1,0,0,0,1,1,0,0,1,0,0,0,0,benign,2025-07-29T16:17:08.392659+0000,/?q=orange
45558,3000,GET,401,982,10,0,0,0,0,0,0,0,0,0,0,0,0,0,0,0,0,1,0,0,0,0,0,0,0,0,0,1,0,0,benign,2025-07-29T16:17:11.404147+0000,/api/Users
45570,3000,GET,200,3748,1,0,0,0,0,0,0,0,0,0,0,0,0,0,0,0,0,1,0,0,0,0,0,0,0,1,0,0,0,0,benign,2025-07-29T16:17:14.417559+0000,/
45576,3000,GET,200,12460,13,0,0,0,0,0,0,0,0,0,0,0,0,0,0,0,0,1,0,0,0,0,0,0,0,1,0,0,0,0,benign,2025-07-29T16:17:17.452211+0000,/api/Products
45588,3000,GET,200,3748,9,0,0,0,0,0,0,0,0,0,0,0,0,0,0,0,0,1,0,0,0,1,1,0,0,1,0,0,0,0,benign,2025-07-29T16:17:20.463856+0000,/?q=juice
49580,3000,GET,200,80222,15,0,0,0,0,0,0,0,0,0,0,0,0,0,0,0,0,1,0,0,0,0,0,0,0,1,0,0,0,0,benign,2025-07-29T16:17:23.504598+0000,/api/Challenges
49596,3000,GET,200,3748,1,0,0,0,0,0,0,0,0,0,0,0,0,0,0,0,0,1,0,0,0,0,0,0,0,1,0,0,0,0,benign,2025-07-29T16:17:26.518207+0000,/
49608,3000,GET,200,12460,13,0,0,0,0,0,0,0,0,0,0,0,0,0,0,0,0,1,0,0,0,0,0,0,0,1,0,0,0,0,benign,2025-07-29T16:17:29.554031+0000,/api/Products
58640,3000,GET,200,3748,11,0,0,0,0,0,0,0,0,0,0,0,0,0,0,0,0,1,0,0,0,1,1,0,0,1,0,0,0,0,benign,2025-07-29T16:17:32.566471+0000,/?q=healthy
58648,3000,GET,500,3285,12,0,0,0,0,0,0,0,0,0,0,0,0,0,0,0,0,1,0,0,0,0,0,0,0,0,0,0,1,0,benign,2025-07-29T16:17:35.579507+0000,/api/Baskets
58664,3000,GET,200,3748,1,0,0,0,0,0,0,0,0,0,0,0,0,0,0,0,0,1,0,0,0,0,0,0,0,1,0,0,0,0,benign,2025-07-29T16:17:38.592898+0000,/
42752,3000,GET,200,12460,13,0,0,0,0,0,0,0,0,0,0,0,0,0,0,0,0,1,0,0,0,0,0,0,0,1,0,0,0,0,benign,2025-07-29T16:17:41.625785+0000,/api/Products
42762,3000,GET,200,3748,11,0,0,0,0,0,0,0,0,0,0,0,0,0,0,0,0,1,0,0,0,1,1,0,0,1,0,0,0,0,benign,2025-07-29T16:17:44.637202+0000,/?q=healthy
42774,3000,GET,401,982,10,0,0,0,0,0,0,0,0,0,0,0,0,0,0,0,0,1,0,0,0,0,0,0,0,0,0,1,0,0,benign,2025-07-29T16:17:47.649206+0000,/api/Users
42784,3000,GET,200,3748,1,0,0,0,0,0,0,0,0,0,0,0,0,0,0,0,0,1,0,0,0,0,0,0,0,1,0,0,0,0,benign,2025-07-29T16:17:50.662475+0000,/
39890,3000,GET,200,12460,13,0,0,0,0,0,0,0,0,0,0,0,0,0,0,0,0,1,0,0,0,0,0,0,0,1,0,0,0,0,benign,2025-07-29T16:17:53.695674+0000,/api/Products
39894,3000,GET,200,3748,9,0,0,0,0,0,0,0,0,0,0,0,0,0,0,0,0,1,0,0,0,1,1,0,0,1,0,0,0,0,benign,2025-07-29T16:17:56.706921+0000,/?q=apple
39906,3000,GET,500,3285,12,0,0,0,0,0,0,0,0,0,0,0,0,0,0,0,0,1,0,0,0,0,0,0,0,0,0,0,1,0,benign,2025-07-29T16:17:59.720602+0000,/api/Baskets
36328,3000,GET,200,3748,1,0,0,0,0,0,0,0,0,0,0,0,0,0,0,0,0,1,0,0,0,0,0,0,0,1,0,0,0,0,benign,2025-07-29T16:18:02.735272+0000,/
36344,3000,GET,200,12460,13,0,0,0,0,0,0,0,0,0,0,0,0,0,0,0,0,1,0,0,0,0,0,0,0,1,0,0,0,0,benign,2025-07-29T16:18:05.774197+0000,/api/Products
36352,3000,GET,200,3748,10,0,0,0,0,0,0,0,0,0,0,0,0,0,0,0,0,1,0,0,0,1,1,0,0,1,0,0,0,0,benign,2025-07-29T16:18:08.786038+0000,/?q=orange
33760,3000,GET,401,982,10,0,0,0,0,0,0,0,0,0,0,0,0,0,0,0,0,1,0,0,0,0,0,0,0,0,0,1,0,0,benign,2025-07-29T16:18:11.797553+0000,/api/Users
33776,3000,GET,200,3748,1,0,0,0,0,0,0,0,0,0,0,0,0,0,0,0,0,1,0,0,0,0,0,0,0,1,0,0,0,0,benign,2025-07-29T16:18:14.810679+0000,/
33786,3000,GET,200,12460,13,0,0,0,0,0,0,0,0,0,0,0,0,0,0,0,0,1,0,0,0,0,0,0,0,1,0,0,0,0,benign,2025-07-29T16:18:17.861166+0000,/api/Products
33800,3000,GET,200,3748,9,0,0,0,0,0,0,0,0,0,0,0,0,0,0,0,0,1,0,0,0,1,1,0,0,1,0,0,0,0,benign,2025-07-29T16:18:20.876254+0000,/?q=apple
56624,3000,GET,200,80222,15,0,0,0,0,0,0,0,0,0,0,0,0,0,0,0,0,1,0,0,0,0,0,0,0,1,0,0,0,0,benign,2025-07-29T16:18:23.919048+0000,/api/Challenges
56632,3000,GET,200,3748,1,0,0,0,0,0,0,0,0,0,0,0,0,0,0,0,0,1,0,0,0,0,0,0,0,1,0,0,0,0,benign,2025-07-29T16:18:26.934743+0000,/
56634,3000,GET,200,12460,13,0,0,0,0,0,0,0,0,0,0,0,0,0,0,0,0,1,0,0,0,0,0,0,0,1,0,0,0,0,benign,2025-07-29T16:18:29.984285+0000,/api/Products
52422,3000,GET,500,3285,12,0,0,0,0,0,0,0,0,0,0,0,0,0,0,0,0,1,0,0,0,0,0,0,0,0,0,0,1,0,benign,2025-07-29T16:18:36.011300+0000,/api/Baskets
52438,3000,GET,200,3748,1,0,0,0,0,0,0,0,0,0,0,0,0,0,0,0,0,1,0,0,0,0,0,0,0,1,0,0,0,0,benign,2025-07-29T16:18:39.024396+0000,/
46868,3000,GET,200,12460,13,0,0,0,0,0,0,0,0,0,0,0,0,0,0,0,0,1,0,0,0,0,0,0,0,1,0,0,0,0,benign,2025-07-29T16:18:42.057266+0000,/api/Products
46872,3000,GET,200,3748,9,0,0,0,0,0,0,0,0,0,0,0,0,0,0,0,0,1,0,0,0,1,1,0,0,1,0,0,0,0,benign,2025-07-29T16:18:45.069249+0000,/?q=juice
46876,3000,GET,500,3285,12,0,0,0,0,0,0,0,0,0,0,0,0,0,0,0,0,1,0,0,0,0,0,0,0,0,0,0,1,0,benign,2025-07-29T16:18:48.084160+0000,/api/Baskets
45602,3000,GET,200,3748,1,0,0,0,0,0,0,0,0,0,0,0,0,0,0,0,0,1,0,0,0,0,0,0,0,1,0,0,0,0,benign,2025-07-29T16:18:51.097757+0000,/
45608,3000,GET,200,12460,13,0,0,0,0,0,0,0,0,0,0,0,0,0,0,0,0,1,0,0,0,0,0,0,0,1,0,0,0,0,benign,2025-07-29T16:18:54.131829+0000,/api/Products
45614,3000,GET,200,3748,9,0,0,0,0,0,0,0,0,0,0,0,0,0,0,0,0,1,0,0,0,1,1,0,0,1,0,0,0,0,benign,2025-07-29T16:18:57.143759+0000,/?q=apple
45622,3000,GET,401,982,10,0,0,0,0,0,0,0,0,0,0,0,0,0,0,0,0,1,0,0,0,0,0,0,0,0,0,1,0,0,benign,2025-07-29T16:19:00.155689+0000,/api/Users
47068,3000,GET,200,3748,1,0,0,0,0,0,0,0,0,0,0,0,0,0,0,0,0,1,0,0,0,0,0,0,0,1,0,0,0,0,benign,2025-07-29T16:19:03.195008+0000,/
47082,3000,GET,200,12460,13,0,0,0,0,0,0,0,0,0,0,0,0,0,0,0,0,1,0,0,0,0,0,0,0,1,0,0,0,0,benign,2025-07-29T16:19:06.234628+0000,/api/Products
47096,3000,GET,200,3748,10,0,0,0,0,0,0,0,0,0,0,0,0,0,0,0,0,1,0,0,0,1,1,0,0,1,0,0,0,0,benign,2025-07-29T16:19:09.248564+0000,/?q=banana
45104,3000,GET,401,982,10,0,0,0,0,0,0,0,0,0,0,0,0,0,0,0,0,1,0,0,0,0,0,0,0,0,0,1,0,0,benign,2025-07-29T16:19:12.261488+0000,/api/Users
45114,3000,GET,200,3748,1,0,0,0,0,0,0,0,0,0,0,0,0,0,0,0,0,1,0,0,0,0,0,0,0,1,0,0,0,0,benign,2025-07-29T16:19:15.274450+0000,/
45120,3000,GET,200,12460,13,0,0,0,0,0,0,0,0,0,0,0,0,0,0,0,0,1,0,0,0,0,0,0,0,1,0,0,0,0,benign,2025-07-29T16:19:18.308197+0000,/api/Products
33244,3000,GET,200,3748,10,0,0,0,0,0,0,0,0,0,0,0,0,0,0,0,0,1,0,0,0,1,1,0,0,1,0,0,0,0,benign,2025-07-29T16:19:21.319709+0000,/?q=banana
33260,3000,GET,401,982,10,0,0,0,0,0,0,0,0,0,0,0,0,0,0,0,0,1,0,0,0,0,0,0,0,0,0,1,0,0,benign,2025-07-29T16:19:24.331575+0000,/api/Users
33272,3000,GET,200,3748,1,0,0,0,0,0,0,0,0,0,0,0,0,0,0,0,0,1,0,0,0,0,0,0,0,1,0,0,0,0,benign,2025-07-29T16:19:27.344563+0000,/
33278,3000,GET,200,12460,13,0,0,0,0,0,0,0,0,0,0,0,0,0,0,0,0,1,0,0,0,0,0,0,0,1,0,0,0,0,benign,2025-07-29T16:19:30.381826+0000,/api/Products
34076,3000,GET,200,3748,10,0,0,0,0,0,0,0,0,0,0,0,0,0,0,0,0,1,0,0,0,1,1,0,0,1,0,0,0,0,benign,2025-07-29T16:19:33.396123+0000,/?q=banana
34078,3000,GET,401,982,10,0,0,0,0,0,0,0,0,0,0,0,0,0,0,0,0,1,0,0,0,0,0,0,0,0,0,1,0,0,benign,2025-07-29T16:19:36.409668+0000,/api/Users
34084,3000,GET,200,3748,1,0,0,0,0,0,0,0,0,0,0,0,0,0,0,0,0,1,0,0,0,0,0,0,0,1,0,0,0,0,benign,2025-07-29T16:19:39.424613+0000,/
40242,3000,GET,200,12460,13,0,0,0,0,0,0,0,0,0,0,0,0,0,0,0,0,1,0,0,0,0,0,0,0,1,0,0,0,0,benign,2025-07-29T16:19:42.460555+0000,/api/Products
40254,3000,GET,200,3748,10,0,0,0,0,0,0,0,0,0,0,0,0,0,0,0,0,1,0,0,0,1,1,0,0,1,0,0,0,0,benign,2025-07-29T16:19:45.472414+0000,/?q=banana
40268,3000,GET,401,982,10,0,0,0,0,0,0,0,0,0,0,0,0,0,0,0,0,1,0,0,0,0,0,0,0,0,0,1,0,0,benign,2025-07-29T16:19:48.483901+0000,/api/Users
54262,3000,GET,200,3748,1,0,0,0,0,0,0,0,0,0,0,0,0,0,0,0,0,1,0,0,0,0,0,0,0,1,0,0,0,0,benign,2025-07-29T16:19:51.497257+0000,/
54270,3000,GET,200,12460,13,0,0,0,0,0,0,0,0,0,0,0,0,0,0,0,0,1,0,0,0,0,0,0,0,1,0,0,0,0,benign,2025-07-29T16:19:54.532780+0000,/api/Products
54282,3000,GET,200,3748,10,0,0,0,0,0,0,0,0,0,0,0,0,0,0,0,0,1,0,0,0,1,1,0,0,1,0,0,0,0,benign,2025-07-29T16:19:57.544387+0000,/?q=orange
54288,3000,GET,401,982,10,0,0,0,0,0,0,0,0,0,0,0,0,0,0,0,0,1,0,0,0,0,0,0,0,0,0,1,0,0,benign,2025-07-29T16:20:00.555729+0000,/api/Users
50194,3000,GET,200,3748,1,0,0,0,0,0,0,0,0,0,0,0,0,0,0,0,0,1,0,0,0,0,0,0,0,1,0,0,0,0,benign,2025-07-29T16:20:03.569850+0000,/
50210,3000,GET,200,12460,13,0,0,0,0,0,0,0,0,0,0,0,0,0,0,0,0,1,0,0,0,0,0,0,0,1,0,0,0,0,benign,2025-07-29T16:20:06.607228+0000,/api/Products
50216,3000,GET,200,3748,11,0,0,0,0,0,0,0,0,0,0,0,0,0,0,0,0,1,0,0,0,1,1,0,0,1,0,0,0,0,benign,2025-07-29T16:20:09.619374+0000,/?q=healthy
40154,3000,GET,401,982,10,0,0,0,0,0,0,0,0,0,0,0,0,0,0,0,0,1,0,0,0,0,0,0,0,0,0,1,0,0,benign,2025-07-29T16:20:12.631802+0000,/api/Users
40156,3000,GET,200,3748,1,0,0,0,0,0,0,0,0,0,0,0,0,0,0,0,0,1,0,0,0,0,0,0,0,1,0,0,0,0,benign,2025-07-29T16:20:15.645960+0000,/
40162,3000,GET,200,12460,13,0,0,0,0,0,0,0,0,0,0,0,0,0,0,0,0,1,0,0,0,0,0,0,0,1,0,0,0,0,benign,2025-07-29T16:20:18.683515+0000,/api/Products
37846,3000,GET,200,3748,10,0,0,0,0,0,0,0,0,0,0,0,0,0,0,0,0,1,0,0,0,1,1,0,0,1,0,0,0,0,benign,2025-07-29T16:20:21.695340+0000,/?q=banana
37854,3000,GET,500,3285,12,0,0,0,0,0,0,0,0,0,0,0,0,0,0,0,0,1,0,0,0,0,0,0,0,0,0,0,1,0,benign,2025-07-29T16:20:24.708595+0000,/api/Baskets
37862,3000,GET,200,3748,1,0,0,0,0,0,0,0,0,0,0,0,0,0,0,0,0,1,0,0,0,0,0,0,0,1,0,0,0,0,benign,2025-07-29T16:20:27.721738+0000,/
37868,3000,GET,200,12460,13,0,0,0,0,0,0,0,0,0,0,0,0,0,0,0,0,1,0,0,0,0,0,0,0,1,0,0,0,0,benign,2025-07-29T16:20:30.756706+0000,/api/Products
48664,3000,GET,200,3748,9,0,0,0,0,0,0,0,0,0,0,0,0,0,0,0,0,1,0,0,0,1,1,0,0,1,0,0,0,0,benign,2025-07-29T16:20:33.769575+0000,/?q=juice
48670,3000,GET,401,982,10,0,0,0,0,0,0,0,0,0,0,0,0,0,0,0,0,1,0,0,0,0,0,0,0,0,0,1,0,0,benign,2025-07-29T16:20:36.782640+0000,/api/Users
34444,3000,GET,200,12460,13,0,0,0,0,0,0,0,0,0,0,0,0,0,0,0,0,1,0,0,0,0,0,0,0,1,0,0,0,0,benign,2025-07-29T16:20:42.832023+0000,/api/Products
34446,3000,GET,200,3748,9,0,0,0,0,0,0,0,0,0,0,0,0,0,0,0,0,1,0,0,0,1,1,0,0,1,0,0,0,0,benign,2025-07-29T16:20:45.843395+0000,/?q=apple
34454,3000,GET,401,982,10,0,0,0,0,0,0,0,0,0,0,0,0,0,0,0,0,1,0,0,0,0,0,0,0,0,0,1,0,0,benign,2025-07-29T16:20:48.855585+0000,/api/Users
60882,3000,GET,200,3748,1,0,0,0,0,0,0,0,0,0,0,0,0,0,0,0,0,1,0,0,0,0,0,0,0,1,0,0,0,0,benign,2025-07-29T16:20:51.869699+0000,/
60898,3000,GET,200,12460,13,0,0,0,0,0,0,0,0,0,0,0,0,0,0,0,0,1,0,0,0,0,0,0,0,1,0,0,0,0,benign,2025-07-29T16:20:54.904131+0000,/api/Products
60910,3000,GET,200,3748,10,0,0,0,0,0,0,0,0,0,0,0,0,0,0,0,0,1,0,0,0,1,1,0,0,1,0,0,0,0,benign,2025-07-29T16:20:57.917127+0000,/?q=banana
52212,3000,GET,401,982,10,0,0,0,0,0,0,0,0,0,0,0,0,0,0,0,0,1,0,0,0,0,0,0,0,0,0,1,0,0,benign,2025-07-29T16:21:00.929137+0000,/api/Users
52226,3000,GET,200,3748,1,0,0,0,0,0,0,0,0,0,0,0,0,0,0,0,0,1,0,0,0,0,0,0,0,1,0,0,0,0,benign,2025-07-29T16:21:03.941936+0000,/
52240,3000,GET,200,12460,13,0,0,0,0,0,0,0,0,0,0,0,0,0,0,0,0,1,0,0,0,0,0,0,0,1,0,0,0,0,benign,2025-07-29T16:21:06.976391+0000,/api/Products
52250,3000,GET,200,3748,11,0,0,0,0,0,0,0,0,0,0,0,0,0,0,0,0,1,0,0,0,1,1,0,0,1,0,0,0,0,benign,2025-07-29T16:21:09.988132+0000,/?q=healthy
33020,3000,GET,500,3285,12,0,0,0,0,0,0,0,0,0,0,0,0,0,0,0,0,1,0,0,0,0,0,0,0,0,0,0,1,0,benign,2025-07-29T16:21:13.002194+0000,/api/Baskets
33030,3000,GET,200,3748,1,0,0,0,0,0,0,0,0,0,0,0,0,0,0,0,0,1,0,0,0,0,0,0,0,1,0,0,0,0,benign,2025-07-29T16:21:16.016290+0000,/
33038,3000,GET,200,12460,13,0,0,0,0,0,0,0,0,0,0,0,0,0,0,0,0,1,0,0,0,0,0,0,0,1,0,0,0,0,benign,2025-07-29T16:21:19.050554+0000,/api/Products
55916,3000,GET,200,3748,10,0,0,0,0,0,0,0,0,0,0,0,0,0,0,0,0,1,0,0,0,1,1,0,0,1,0,0,0,0,benign,2025-07-29T16:21:22.063048+0000,/?q=orange
55928,3000,GET,500,3285,12,0,0,0,0,0,0,0,0,0,0,0,0,0,0,0,0,1,0,0,0,0,0,0,0,0,0,0,1,0,benign,2025-07-29T16:21:25.075308+0000,/api/Baskets
48676,3000,GET,200,0,1,0,0,0,0,0,0,0,0,0,0,0,0,0,0,0,0,1,0,0,0,0,0,0,0,1,0,0,0,0,benign,2025-07-29T16:21:41.619573+0000,/
